ingredient,amount_php,quantity,unit,observed_at,source_type,source_reference,market_or_area,minimum_purchase_quantity
rice,46.69,1,kg,2026-09-17,official_reference,"PSA Price Situationer of Selected Agricultural Commodities, Second Phase Sep 2026 (statistical tables, sheet 'Table 1_rice', column AF, NCR row, 'RICE, REGULAR MILLED'). https://psa.gov.ph/statistics/price-situationer/selected-agri-commodities/node/1684084237",NCR average (PSA),0.25
pork_kasim,336.37,1,kg,2026-09-17,official_reference,"PSA Price Situationer of Selected Agricultural Commodities, Second Phase Sep 2026 (statistical tables, sheet 'Table 2_meat', column AF, NCR row, 'PORK, KASIM'). https://psa.gov.ph/statistics/price-situationer/selected-agri-commodities/node/1684084237",NCR average (PSA),0.25
chicken,199.26,1,kg,2026-09-17,official_reference,"PSA Price Situationer of Selected Agricultural Commodities, Second Phase Sep 2026 (statistical tables, sheet 'Table 2_meat', column BM, NCR row, 'DRESSED CHICKEN'). https://psa.gov.ph/statistics/price-situationer/selected-agri-commodities/node/1684084237",NCR average (PSA),0.25
eggs,8.54,1,piece,2026-09-17,official_reference,"PSA Price Situationer of Selected Agricultural Commodities, Second Phase Sep 2026 (statistical tables, sheet 'Table 2_meat', column BX, NCR row, 'CHICKEN EGG, MED. (per piece)'). https://psa.gov.ph/statistics/price-situationer/selected-agri-commodities/node/1684084237",NCR average (PSA),1
tilapia,162.15,1,kg,2026-09-17,official_reference,"PSA Price Situationer of Selected Agricultural Commodities, Second Phase Sep 2026 (statistical tables, sheet 'Table 3_fish', column AF, NCR row, 'TILAPIA'). https://psa.gov.ph/statistics/price-situationer/selected-agri-commodities/node/1684084237",NCR average (PSA),0.25
ampalaya,188.78,1,kg,2026-09-17,official_reference,"PSA Price Situationer of Selected Agricultural Commodities, Second Phase Sep 2026 (statistical tables, sheet 'Table 4_veg', column J, NCR row, 'AMPALAYA'). https://psa.gov.ph/statistics/price-situationer/selected-agri-commodities/node/1684084237",NCR average (PSA),0.25
cabbage,200.59,1,kg,2026-09-17,official_reference,"PSA Price Situationer of Selected Agricultural Commodities, Second Phase Sep 2026 (statistical tables, sheet 'Table 4_veg', column U, NCR row, 'CABBAGE'). https://psa.gov.ph/statistics/price-situationer/selected-agri-commodities/node/1684084237",NCR average (PSA),0.25
carrot,128.74,1,kg,2026-09-17,official_reference,"PSA Price Situationer of Selected Agricultural Commodities, Second Phase Sep 2026 (statistical tables, sheet 'Table 4_veg', column AF, NCR row, 'CARROT'). https://psa.gov.ph/statistics/price-situationer/selected-agri-commodities/node/1684084237",NCR average (PSA),0.25
talong,148.86,1,kg,2026-09-17,official_reference,"PSA Price Situationer of Selected Agricultural Commodities, Second Phase Sep 2026 (statistical tables, sheet 'Table 4_veg', column AQ, NCR row, 'EGGPLANT'). https://psa.gov.ph/statistics/price-situationer/selected-agri-commodities/node/1684084237",NCR average (PSA),0.25
pechay,187.37,1,kg,2026-09-17,official_reference,"PSA Price Situationer of Selected Agricultural Commodities, Second Phase Sep 2026 (statistical tables, sheet 'Table 4_veg', column BM, NCR row, 'PECHAY, NATIVE'). https://psa.gov.ph/statistics/price-situationer/selected-agri-commodities/node/1684084237",NCR average (PSA),0.25
sitaw,180.12,1,kg,2026-09-17,official_reference,"PSA Price Situationer of Selected Agricultural Commodities, Second Phase Sep 2026 (statistical tables, sheet 'Table 4_veg', column BX, NCR row, 'STRING BEANS'). https://psa.gov.ph/statistics/price-situationer/selected-agri-commodities/node/1684084237",NCR average (PSA),0.25
tomato,125.88,1,kg,2026-09-17,official_reference,"PSA Price Situationer of Selected Agricultural Commodities, Second Phase Sep 2026 (statistical tables, sheet 'Table 4_veg', column CI, NCR row, 'TOMATO'). https://psa.gov.ph/statistics/price-situationer/selected-agri-commodities/node/1684084237",NCR average (PSA),0.1
potato,155.2,1,kg,2026-09-17,official_reference,"PSA Price Situationer of Selected Agricultural Commodities, Second Phase Sep 2026 (statistical tables, sheet 'Table 4_veg', column CT, NCR row, 'WHITE POTATO'). https://psa.gov.ph/statistics/price-situationer/selected-agri-commodities/node/1684084237",NCR average (PSA),0.25
onion,123.78,1,kg,2026-09-17,official_reference,"PSA Price Situationer of Selected Agricultural Commodities, Second Phase Sep 2026 (statistical tables, sheet 'Table 5_condiments', column J, NCR row, 'ONION, RED'). https://psa.gov.ph/statistics/price-situationer/selected-agri-commodities/node/1684084237",NCR average (PSA),0.1
garlic,155.91,1,kg,2026-09-17,official_reference,"PSA Price Situationer of Selected Agricultural Commodities, Second Phase Sep 2026 (statistical tables, sheet 'Table 5_condiments', column AF, NCR row, 'GARLIC, IMPORTED'). https://psa.gov.ph/statistics/price-situationer/selected-agri-commodities/node/1684084237",NCR average (PSA),0.05
ginger,185.34,1,kg,2026-09-17,official_reference,"PSA Price Situationer of Selected Agricultural Commodities, Second Phase Sep 2026 (statistical tables, sheet 'Table 5_condiments', column AQ, NCR row, 'GINGER, HAWAIIAN'). https://psa.gov.ph/statistics/price-situationer/selected-agri-commodities/node/1684084237",NCR average (PSA),0.05
calamansi,99.58,1,kg,2026-09-17,official_reference,"PSA Price Situationer of Selected Agricultural Commodities, Second Phase Sep 2026 (statistical tables, sheet 'Table 6_fruits', column AF, NCR row, 'CALAMANSI'). https://psa.gov.ph/statistics/price-situationer/selected-agri-commodities/node/1684084237",NCR average (PSA),0.1
lakatan,99.53,1,kg,2026-09-17,official_reference,"PSA Price Situationer of Selected Agricultural Commodities, Second Phase Sep 2026 (statistical tables, sheet 'Table 6_fruits', column J, NCR row, 'BANANA, LAKATAN'). https://psa.gov.ph/statistics/price-situationer/selected-agri-commodities/node/1684084237",NCR average (PSA),0.25
mango,232.91,1,kg,2026-09-17,official_reference,"PSA Price Situationer of Selected Agricultural Commodities, Second Phase Sep 2026 (statistical tables, sheet 'Table 6_fruits', column AQ, NCR row, 'MANGO, CARABAO'). https://psa.gov.ph/statistics/price-situationer/selected-agri-commodities/node/1684084237",NCR average (PSA),0.25
sugar,83.09,1,kg,2026-09-17,official_reference,"PSA Price Situationer of Selected Agricultural Commodities, Second Phase Sep 2026 (statistical tables, sheet 'Table 7_other comm', column U, NCR row, 'BROWN SUGAR (in PhP per Kilogram)'). https://psa.gov.ph/statistics/price-situationer/selected-agri-commodities/node/1684084237",NCR average (PSA),0.25
